StartDate,EndDate,Progress,Duration (in seconds),Finished,RecordedDate,ResponseId,DistributionChannel,UserLanguage,Rank,Gender,MainRole,MainChamp,Veterancy,PlayerStats,Q8_1,Q8_2,Q8_3,Q8_4,Q8_5,Q8_6,Q8_7,Q8_8,Q8_9,Q8_10,Q8_11,OpenChanges,BalancePriority _1,BalancePriority _2,BalancePriority _3,BalancePriority _4,BalancePriority _5,BalancePriority _6,BalancePriority _7,OtherChanges
2023-12-07 13:48:20,2023-12-07 13:50:45,100,144,TRUE,2023-12-07 13:50:45,R_3subBtC5g7c4Wxd,anonymous,EN,Platinum - Diamond,Male,No Preference / Fill,Shen,3 ,Not Provided,Somewhat agree,Strongly agree,Strongly Disagree,Strongly Disagree,Somewhat disagree,Neither agree nor disagree,Somewhat disagree,Neither agree nor disagree,Strongly agree,Neither agree nor disagree,Somewhat agree,I would force every player to uninstall the game forever ,2,1,4,3,5,6,7,No Response
2023-12-07 13:47:48,2023-12-07 13:51:22,100,213,TRUE,2023-12-07 13:51:23,R_1q51xpgFhkylz0o,anonymous,EN,Platinum - Diamond,Prefer not to say,Top,Taric,Season 2,Not Provided,Somewhat agree,Somewhat disagree,Strongly Disagree,Strongly Disagree,Somewhat disagree,Somewhat agree,Neither agree nor disagree,Somewhat agree,Somewhat agree,Somewhat agree,Neither agree nor disagree,"Nerf tank shredding tools, armor pen and %hp damage in abilities",1,2,4,6,7,5,3,Nerf/Fix bounties to be more consistent and include gold from plates.
2023-12-07 13:48:32,2023-12-07 13:51:53,100,201,TRUE,2023-12-07 13:51:54,R_3kokwpJdjKzn4FZ,anonymous,EN,Platinum - Diamond,Male,Top,Sion,Since season 6,Nuki____,Somewhat agree,Somewhat agree,Neither agree nor disagree,Somewhat disagree,Neither agree nor disagree,Strongly Disagree,Neither agree nor disagree,Strongly agree,Strongly Disagree,Strongly Disagree,Somewhat agree,"Reduce the amount of dashes, cc and overall overloaded kit they release each month with a new champion",3,2,1,7,4,5,6,Increasing healing reduction just like it was in the past
2023-12-07 13:47:19,2023-12-07 13:51:56,100,276,TRUE,2023-12-07 13:51:57,R_2DN9Qkb3Wn7LuiC,anonymous,EN,Platinum - Diamond,Male,No Preference / Fill,asassains,4 ,Lolxt06,Strongly agree,Somewhat agree,Somewhat disagree,Somewhat disagree,Somewhat disagree,Strongly Disagree,Neither agree nor disagree,Somewhat agree,Somewhat agree,Somewhat disagree,Somewhat agree,,2,4,1,5,3,6,7,Nerf riven and hwei and not make new champs broken / not that broken
2023-12-07 13:46:53,2023-12-07 13:52:05,100,312,TRUE,2023-12-07 13:52:05,R_RJfCcty4hT40eI1,anonymous,EN,Platinum - Diamond,Male,Bot,"Draven, Ezrael, Ashe, Twitch",8 ,Not Provided,Somewhat agree,Somewhat agree,Somewhat agree,Somewhat agree,Neither agree nor disagree,Neither agree nor disagree,Somewhat agree,Somewhat disagree,Strongly agree,Somewhat disagree,Somewhat agree,I would like fights and lane phases to last longer (meaning a longer laning phase where laners face each other). More neutral objectives like in Hots. A champion rotation like in  MTGArena (imo there's too many champions in the game to balance effectively. I'd rather have a certain set of champions (~50 maybe?) available at a time).,2,6,5,3,1,7,4,No Response
2023-12-07 13:48:49,2023-12-07 13:52:08,100,199,TRUE,2023-12-07 13:52:09,R_3OQ6BTj2W7HfWQF,anonymous,EN,Platinum - Diamond,Male,Bot,Twitch,6 months,Not Provided,Somewhat agree,Neither agree nor disagree,Strongly Disagree,Strongly Disagree,Somewhat disagree,Somewhat agree,Strongly agree,Strongly agree,Somewhat disagree,Neither agree nor disagree,Neither agree nor disagree,"I would give everyone 2 bans instead of one, there is too many bullshit champions introduced in the recent years.",1,2,3,4,6,5,7,Lower twitch aa windup time :)
2023-12-07 13:48:46,2023-12-07 13:53:15,100,269,TRUE,2023-12-07 13:53:16,R_3OoJcppJsXnydPS,anonymous,EN,Platinum - Diamond,Male,Jungle,"Rengar, Evelynn",10 ,Not Provided,Somewhat agree,Neither agree nor disagree,Somewhat disagree,Strongly agree,Strongly Disagree,Neither agree nor disagree,Somewhat agree,Strongly agree,Strongly Disagree,Strongly agree,Somewhat agree,"Bring back the potential to carry, reduce bounties, FIXING THE CLIENT",1,2,6,4,5,3,7,"Items, balancing the items better"
2023-12-07 13:49:29,2023-12-07 13:53:44,100,254,TRUE,2023-12-07 13:53:44,R_2349OXAOiKVefo5,anonymous,EN,Platinum - Diamond,Male,No Preference / Fill,"Pyke, kled, urgot, poppy, ,ivern, jhin, senna, ",since season 5,https://www.op.gg/summoners/euw/Blomster%20Koro-EUW,Somewhat agree,Strongly agree,Somewhat disagree,Neither agree nor disagree,Somewhat agree,Somewhat agree,Somewhat disagree,Strongly Disagree,Somewhat disagree,Neither agree nor disagree,Somewhat disagree,"I have no clue, not a game designer nor do i know how to balance a game",7,2,1,3,4,5,6,No Response
2023-12-07 13:48:46,2023-12-07 13:55:37,100,410,TRUE,2023-12-07 13:55:38,R_2cA5la4Eu9hceZB,anonymous,EN,Iron - Gold,Male,Bot,"Lucian, Zeri, Vayne, Sivir, Ziggs, Ryze, Orianna, Mordekaiser",14  (since release),https://www.op.gg/summoners/euw/Aeshen-EUW,Somewhat agree,Somewhat agree,Neither agree nor disagree,Neither agree nor disagree,Neither agree nor disagree,Neither agree nor disagree,Neither agree nor disagree,Somewhat disagree,Strongly Disagree,Somewhat agree,Somewhat agree,I would change Zilean passive,4,1,2,5,3,7,6,No Response
2023-12-07 13:47:10,2023-12-07 13:56:12,100,542,TRUE,2023-12-07 13:56:13,R_3e9OvOCj2UKCRb5,anonymous,EN,Iron - Gold,Male,Top,"Warwick, Nasus, Mundo, Yorick",6,https://www.op.gg/summoners/euw/FarekGamer-2005/auth/ca32a8febe29bc2f10f1071ab788bbbe,Somewhat agree,Somewhat agree,Strongly agree,Somewhat agree,Somewhat agree,Somewhat agree,Somewhat disagree,Somewhat agree,Somewhat agree,Strongly agree,Somewhat agree,,2,1,3,4,5,6,7,No Response
2023-12-07 13:51:15,2023-12-07 13:59:08,100,472,TRUE,2023-12-07 13:59:08,R_3CUfOVaZ7IH390X,anonymous,EN,Platinum - Diamond,Prefer not to say,Support,"Nami, Renata, Akshan",8+ ,Not Provided,Somewhat agree,Somewhat agree,Somewhat disagree,Strongly Disagree,Neither agree nor disagree,Somewhat agree,Somewhat agree,Strongly agree,Strongly agree,Strongly Disagree,Strongly Disagree,"Fix Client, Propper Custom Games",1,3,4,7,6,5,2,I just dont like being insta killed by assassins
2023-12-07 13:56:15,2023-12-07 13:59:42,100,207,TRUE,2023-12-07 13:59:43,R_3I9ItvexWZ4O54f,anonymous,EN,Platinum - Diamond,Male,Bot,"Kiting Carries / Mobility Carries (Vayne, Lucian, Caitlyn, Ashe)",Season 4,Not Provided,Neither agree nor disagree,Neither agree nor disagree,Somewhat agree,Somewhat agree,Somewhat disagree,Strongly Disagree,Neither agree nor disagree,Strongly agree,Somewhat disagree,Strongly agree,Somewhat disagree,Make ADCs less dependant on LITERALLY EVERYONE,3,2,1,6,7,4,5,No Response
2023-12-07 13:57:55,2023-12-07 14:00:58,100,183,TRUE,2023-12-07 14:00:59,R_1l3STGoGiZ6jVXQ,anonymous,EN,Masters+,Male,Bot,"Varus, Vayne, Miss Fortune",10 ,frilla#euw,Somewhat agree,Somewhat agree,Somewhat agree,Somewhat agree,Neither agree nor disagree,Somewhat disagree,Somewhat agree,Somewhat agree,Strongly agree,Neither agree nor disagree,Strongly agree,"Bring back snowballing, the bounty system has led to snowballing becoming hard. The game is way to much about making 0 mistakes at all, which takes a lot of effort.",1,3,5,4,2,6,7,No Response
2023-12-07 13:48:15,2023-12-07 14:01:32,100,797,TRUE,2023-12-07 14:01:32,R_0GLxo3veYB1QQk9,anonymous,EN,Iron - Gold,Male,Jungle,"Shaco, Sejuani, Ekko, Elise",On and off about 10+  total,https://www.op.gg/summoners/euw/Karura-42069,Somewhat agree,Somewhat agree,Neither agree nor disagree,Neither agree nor disagree,Strongly Disagree,Strongly Disagree,Somewhat agree,Somewhat disagree,Somewhat disagree,Somewhat agree,Neither agree nor disagree,I would like the old shaco back.,7,4,5,2,1,6,3,No Response
2023-12-07 13:57:57,2023-12-07 14:03:06,100,309,TRUE,2023-12-07 14:03:07,R_3qsu9a7eoIY1db4,anonymous,EN,Platinum - Diamond,Male,Mid,Pantheon,4 ,Not Provided,Somewhat agree,Strongly agree,Somewhat disagree,Somewhat disagree,Somewhat disagree,Somewhat disagree,Somewhat agree,Somewhat agree,Neither agree nor disagree,Somewhat agree,Neither agree nor disagree,,2,3,1,4,5,6,7,No Response
2023-12-07 14:01:38,2023-12-07 14:04:48,100,189,TRUE,2023-12-07 14:04:48,R_VRqNUyDo2wXzdG9,anonymous,EN,Iron - Gold,Male,Support,Rakan Lulu Nami Braum Rek'Sai,9 ,Not Provided,Strongly Disagree,Somewhat disagree,Strongly Disagree,Neither agree nor disagree,Strongly Disagree,Somewhat disagree,Strongly agree,Somewhat agree,Strongly agree,Strongly agree,Somewhat agree,Stop catering the game to braindead shitskins.,1,2,3,4,5,7,6,No Response
2023-12-07 13:53:01,2023-12-07 14:05:55,100,774,TRUE,2023-12-07 14:05:57,R_2xxFOTNGUTLc3xu,anonymous,EN,Iron - Gold,Male,Support,"Pantheon, Cassiopeia, Lulu, Blitzkrank, Leona, Rammus, Garen, Vel'koz, Rakan, Alistair, Ivern, Karma, Kayle, Nautilus, Ornn, Rell, Ryze, Senna,Shyvana, Singed, Swain, Tahm Kench, Threshold, Viego, Zyra",4 ,Swaffy#9666,Strongly agree,Somewhat disagree,Strongly Disagree,Strongly Disagree,Somewhat agree,Somewhat disagree,Somewhat agree,Strongly agree,Somewhat agree,Strongly Disagree,Strongly agree,"I would make a better client, meaning one that doesn't bug, that has a normal matchmaking and permaban for trollers; a client that is fast and reliable even after the new patches get released",2,1,3,4,5,6,7,"Reworking champions: old ones that didn't age well like Skarner or Cho'Gath, and newer ones with badly design kits like K'sante"
2023-12-07 14:06:22,2023-12-07 14:14:29,100,487,TRUE,2023-12-07 14:14:30,R_spAQ8AXGoPygdW1,anonymous,EN,Platinum - Diamond,Male,Mid,"Fizz, Vel'koz, Xerath, Kennen, Vi, Katarina, Anivia",11 ,https://www.op.gg/summoners/br/Brox%20007-BR1,Strongly agree,Strongly agree,Somewhat agree,Somewhat agree,Somewhat disagree,Somewhat disagree,Somewhat disagree,Strongly agree,Somewhat disagree,Strongly Disagree,Somewhat agree,"I make better tutorials for beginners and intermediate players. Also, I'd buff Vel'koz :P",5,6,7,2,4,3,1,-
2023-12-07 14:20:13,2023-12-07 14:24:59,100,285,TRUE,2023-12-07 14:24:59,R_1Luvza7piMdSubH,anonymous,EN,Iron - Gold,Female,Support,"Zoe,Sona,Lulu,Vex,Neeko,Nami and about 10 more",5 ,Not Provided,Somewhat agree,Neither agree nor disagree,Strongly Disagree,Strongly Disagree,Neither agree nor disagree,Neither agree nor disagree,Somewhat disagree,Somewhat agree,Neither agree nor disagree,Somewhat agree,Somewhat disagree,"Custom maps, Custom announcers, perma bans for toxic people, better griefing detection, better communication of news, better skins",4,3,2,5,6,7,1,No Response
2023-12-07 14:09:55,2023-12-07 14:26:25,100,989,TRUE,2023-12-07 14:26:25,R_XRQk0CSkWizShXP,anonymous,EN,Iron - Gold,Male,Jungle,"Master Yi, Udyr",3 L1,L1NGERER,Somewhat agree,Strongly agree,Somewhat agree,Somewhat agree,Neither agree nor disagree,Neither agree nor disagree,Neither agree nor disagree,Strongly Disagree,Neither agree nor disagree,Neither agree nor disagree,Neither agree nor disagree,"I would be able to view character abilities in loading screen and in game to more easily learn champions. I would have better training options to fight with and against champions and specific items. I would have more comprehensive stat and item breakdowns in and out of game. I would have more information regarding all aspects of the game, for example I cannot find any information on how much xp or gold minions or monsters or champ kills are worth as a laner or jungler. I would fix the game client. I would add more game types, especially quicker game types like nexus (even thought it had its issues it was an easy stress free way to play the game and test champions in my role)",2,4,1,3,7,6,5,Available information about all aspects of them game 
2023-12-07 14:24:43,2023-12-07 14:26:58,100,135,TRUE,2023-12-07 14:26:58,R_2cvYxN2o8eOrMRt,anonymous,EN,Platinum - Diamond,Male,Top,jax ksante aphelios,4 ,Not Provided,Somewhat agree,Somewhat agree,Somewhat agree,Neither agree nor disagree,Strongly agree,Strongly agree,Neither agree nor disagree,Strongly agree,Somewhat disagree,Neither agree nor disagree,Strongly agree,delete yone,2,3,5,4,1,7,6,No Response
2023-12-07 14:23:48,2023-12-07 14:32:36,100,528,TRUE,2023-12-07 14:32:37,R_1P0gwWLsx6o48YL,anonymous,EN,Platinum - Diamond,Male,Top,Irelia,7 ,Nspiring,Strongly agree,Somewhat agree,Strongly Disagree,Strongly Disagree,Somewhat disagree,Somewhat disagree,Somewhat disagree,Somewhat disagree,Somewhat agree,Somewhat disagree,Somewhat agree,"Not sure if this is what you're looking for, but I would bring back Co-op modes like Odyssey as rotating game modes to foster the casual player base and serve as an entryway for new players to try the game mechanics",6,5,7,1,2,4,3,No Response
2023-12-07 14:35:16,2023-12-07 14:42:55,100,458,TRUE,2023-12-07 14:42:55,R_3Hqo7bX8qyhuLC4,anonymous,EN,Platinum - Diamond,Male,Bot,"kaisa, ezreal, xayah, vayne",since season 3/4,https://www.op.gg/summoners/euw/psykotisk-HEHE,Somewhat agree,Somewhat agree,Neither agree nor disagree,Neither agree nor disagree,Neither agree nor disagree,Somewhat disagree,Somewhat disagree,Neither agree nor disagree,Neither agree nor disagree,Somewhat disagree,Somewhat agree,change items,1,2,3,4,5,6,7,No Response
2023-12-07 14:32:35,2023-12-07 14:43:29,100,653,TRUE,2023-12-07 14:43:29,R_DugKDZTiNwuB5D3,anonymous,EN,Masters+,Prefer not to say,Jungle,"Briar, Shaco, Kayn",Too long. Since season 3,Not Provided,Somewhat agree,Somewhat agree,Neither agree nor disagree,Neither agree nor disagree,Strongly Disagree,Strongly Disagree,Neither agree nor disagree,Somewhat agree,Somewhat agree,Somewhat agree,Strongly agree,"Revert item changes. Bring back old Swain. Bring back duo q in high elo ranked. Add voice coms to league, players can opt in or out. Make rewards for playing the game feel more meaningful.",1,5,2,4,3,6,7,Revert the stupid death timer change. Not being able to punish players for making mistakes/outplaying them early is dumb.
2023-12-07 14:36:48,2023-12-07 14:45:10,100,502,TRUE,2023-12-07 14:45:10,R_2rIaa8yiXdvMkED,anonymous,EN,Iron - Gold,Other,Mid,"Malzahar, veigar, heimerdinger. Pre-rework malzahar was the best, followed by pre-rework heimerdinger and pre-rework karma (yes I'm old)",Pre-season 1 or season 1.,Not Provided,Somewhat agree,Somewhat agree,Somewhat disagree,Strongly Disagree,Strongly Disagree,Somewhat disagree,Somewhat agree,Strongly agree,Somewhat disagree,Strongly agree,Neither agree nor disagree,1: Make new champions not be overpowered on release every. god. damn. time. 2: Remove invulnerability from assassins and pantheon. Bard ult and zhonia is plenty and comes with a payoff. We dont need panth who can tower dive 1v5 and survive with 100% hp. 3: nerf assassins in general. 4: Make ap scaling higher again (or nerf AD amount that AD champs can obtain). When AD champs could only reach about 50-70% of what AP champs could the scaling was OP but now that AD champs can get more AD than AP champs can get AP it just makes AP feel useless. 5: Stop nerfing orange essence/making rp more expensive/nerfing mythical essence value.,2,1,3,5,7,4,6,Make AP champs that aren't assassins or Kai'sa viable again.
2023-12-07 14:48:13,2023-12-07 14:51:00,100,166,TRUE,2023-12-07 14:51:00,R_1jvOJs3QQUm2cV6,anonymous,EN,Platinum - Diamond,Male,Bot,Jinx,13,Not Provided,Strongly Disagree,Strongly Disagree,Neither agree nor disagree,Neither agree nor disagree,Strongly Disagree,Neither agree nor disagree,Somewhat agree,Strongly agree,Neither agree nor disagree,Strongly agree,Neither agree nor disagree,"Remove Herald, Nerf Dragons, Nerf Baron Minion Buff, Revert Runes Reforged, Revert ADC prior to 8.11",3,4,2,1,7,6,5,No Response
2023-12-07 14:48:19,2023-12-07 14:51:58,100,219,TRUE,2023-12-07 14:51:58,R_1GO155nskiMZiKF,anonymous,EN,Iron - Gold,Male,Bot,"kaiâ€™sa, ezreal, jhin",4 ,Not Provided,Somewhat agree,Somewhat agree,Neither agree nor disagree,Neither agree nor disagree,Somewhat agree,Somewhat agree,Somewhat agree,Neither agree nor disagree,Strongly agree,Neither agree nor disagree,Strongly agree,make less 1v9 champs for example twitch gets ahead from roaming and can 1v5 our team even though weâ€™re ahead,1,2,3,4,5,6,7,No Response
2023-12-07 15:00:25,2023-12-07 15:08:33,100,487,TRUE,2023-12-07 15:08:33,R_3O0yEDcIHBa2tty,anonymous,EN,Iron - Gold,Male,Support,"Thresh, Nautilus, Nami",Since Season 3,CaptainLameO,Somewhat agree,Somewhat agree,Neither agree nor disagree,Somewhat disagree,Somewhat agree,Somewhat agree,Somewhat disagree,Strongly agree,Neither agree nor disagree,Strongly Disagree,Somewhat agree,Reduce mobility creep. (Not every champion needs a dash),1,2,3,4,6,5,7,No Response
2023-12-07 15:09:12,2023-12-07 15:12:03,100,171,TRUE,2023-12-07 15:12:04,R_2DUDKNmrUvn8qJd,anonymous,EN,Platinum - Diamond,Male,Jungle,Viego,End of season 2,Not Provided,Neither agree nor disagree,Strongly Disagree,Somewhat disagree,Somewhat disagree,Strongly Disagree,Strongly Disagree,Somewhat agree,Strongly agree,Somewhat agree,Strongly agree,Somewhat agree,Ban smurfs/ smurf accounts,1,2,3,5,7,4,6,No Response
2023-12-07 15:05:02,2023-12-07 15:12:27,100,445,TRUE,2023-12-07 15:12:27,R_1EglHdYbH6GR1JQ,anonymous,EN,Iron - Gold,Male,Jungle,Ziggs nautilus elise,12 ,Firefoyx,Somewhat agree,Neither agree nor disagree,Somewhat disagree,Somewhat disagree,Somewhat agree,Somewhat disagree,Somewhat agree,Somewhat agree,Strongly Disagree,Strongly agree,Strongly Disagree,Make bigger changes with less frequent patches,3,1,2,4,5,7,6,Change rank back to elo system. 
2023-12-07 15:15:02,2023-12-07 15:19:12,100,250,TRUE,2023-12-07 15:19:13,R_01bFJdXznvtlrmV,anonymous,EN,Platinum - Diamond,Male,Support,"Janna, Taric, Thresh, Rengar, Qiyana, Ivern",Season 5,https://www.op.gg/summoners/euw/Shiny-PTXD,Somewhat agree,Somewhat agree,Somewhat disagree,Somewhat agree,Somewhat disagree,Somewhat disagree,Somewhat agree,Strongly agree,Somewhat agree,Somewhat disagree,Somewhat agree,"Punish toxicity in the community - If you AFK a ranked after flaming, 2 week ban, If you AFK multiple times, 2 week ban - Bans should be tied to hardware/IP rather than accounts, it's too easy to just make a new account",2,3,4,1,6,5,7,No Response
2023-12-07 15:17:39,2023-12-07 15:19:58,100,139,TRUE,2023-12-07 15:19:59,R_2qehgxv7XGG2xvO,anonymous,EN,Platinum - Diamond,Male,Mid,Talon,5 ,Wraith #Shade,Somewhat agree,Somewhat agree,Neither agree nor disagree,Neither agree nor disagree,Somewhat disagree,Strongly Disagree,Somewhat agree,Strongly agree,Strongly Disagree,Somewhat agree,Strongly agree,Directly monitored diamond+ games,1,2,3,4,5,6,7,No Response
2023-12-07 15:22:49,2023-12-07 15:26:14,100,204,TRUE,2023-12-07 15:26:14,R_2vf6MAgxH0ukx99,anonymous,EN,Platinum - Diamond,Male,Support,"Nautilus, rakan, rell, soraka, lulu",2 ,Voamean#NA1,Somewhat disagree,Neither agree nor disagree,Somewhat agree,Strongly agree,Neither agree nor disagree,Neither agree nor disagree,Somewhat disagree,Strongly agree,Strongly agree,Neither agree nor disagree,Somewhat disagree,,4,5,7,2,6,3,1,No Response
2023-12-07 15:24:24,2023-12-07 15:27:29,100,184,TRUE,2023-12-07 15:27:30,R_1KfKPc4yOhmN7ew,anonymous,EN,Platinum - Diamond,Male,Bot,All of them.,Since season 2.,Not Provided,Neither agree nor disagree,Somewhat agree,Strongly Disagree,Strongly Disagree,Neither agree nor disagree,Neither agree nor disagree,Neither agree nor disagree,Neither agree nor disagree,Strongly agree,Somewhat agree,Somewhat agree,Remove jungle pets.,4,3,2,5,1,7,6,No Response
2023-12-07 15:24:25,2023-12-07 15:27:39,100,193,TRUE,2023-12-07 15:27:39,R_2wLxOJONfcyQ9ZG,anonymous,EN,Masters+,Male,Mid,akali yasuo,9-10 ,din#euw17,Strongly agree,Somewhat agree,Strongly Disagree,Strongly Disagree,Neither agree nor disagree,Somewhat agree,Somewhat disagree,Neither agree nor disagree,Somewhat agree,Somewhat disagree,Strongly agree,nerf orianna syndra azir,3,1,2,4,5,6,7,No Response
2023-12-07 15:21:20,2023-12-07 15:28:20,100,420,TRUE,2023-12-07 15:28:20,R_2dZ0rBRNcrYE99N,anonymous,EN,Platinum - Diamond,Male,Support,"Sona,Senna,Janna,Ashe,Orianna ",12 ,Not Provided,Neither agree nor disagree,Somewhat agree,Neither agree nor disagree,Somewhat agree,Somewhat disagree,Somewhat agree,Somewhat agree,Somewhat agree,Neither agree nor disagree,Somewhat agree,Somewhat agree, ,2,1,5,6,3,4,7,No Response
2023-12-07 15:27:35,2023-12-07 15:32:01,100,266,TRUE,2023-12-07 15:32:02,R_1GWc0CY3onFUHbz,anonymous,EN,Platinum - Diamond,Male,Support,"Rell, Velkoz",12 ,SweetCherryBoyJp #NA1,Strongly agree,Somewhat agree,Neither agree nor disagree,Strongly agree,Strongly Disagree,Strongly Disagree,Somewhat agree,Neither agree nor disagree,Somewhat disagree,Neither agree nor disagree,Strongly agree,"Remove Umbral Glaive, Cookies, Stopwatch. Rework Illaoi E, Yone E",7,6,5,2,3,1,4,"Making AP and AD items have the same availability of items (Umbral Glaive, Zhonya's, Gaurdian Angel), so it doesn't feel like specific classes of champions have better items then their AP/AD counterparts."
2023-12-07 15:31:19,2023-12-07 15:33:22,100,123,TRUE,2023-12-07 15:33:23,R_1ewpsOujSkqW7ht,anonymous,EN,Iron - Gold,Male,No Preference / Fill,Varus,10 ,Not Provided,Strongly agree,Strongly agree,Neither agree nor disagree,Neither agree nor disagree,Strongly agree,Strongly agree,Strongly Disagree,Strongly Disagree,Strongly agree,Neither agree nor disagree,Strongly agree,Increase cooldown of all abilities.,4,3,7,1,5,6,2,No Response
2023-12-07 15:17:26,2023-12-07 15:33:34,100,968,TRUE,2023-12-07 15:33:34,R_2QYxgPSnv3gqk2K,anonymous,EN,Platinum - Diamond,Male,Mid,Assassins / fighters,5,https://www.op.gg/summoners/euw/NEVERGIVINGUPKR-DEV,Somewhat agree,Somewhat agree,Somewhat disagree,Somewhat disagree,Strongly Disagree,Strongly Disagree,Strongly agree,Somewhat disagree,Somewhat disagree,Strongly agree,Somewhat agree,"1. Rework / revert the entire champion stats and items and modify the rune table. What i mean by that is to pretty much revert the items to pre-mythic era, introduce more items, and for the runes, nerf the fk out of lethal tempo (turbo broken) and slighly buff or modify conq as well as add more runes (ex conq without extra damage only healing)...",3,1,2,5,4,6,7,No Response
2023-12-07 15:27:59,2023-12-07 15:37:00,100,540,TRUE,2023-12-07 15:37:01,R_11j3fQokqfiCcj2,anonymous,EN,Platinum - Diamond,Male,Mid,"Ori, Syndra, Lux, Ahri, mages in general",Since end of Season 2,Not Provided,Somewhat agree,Somewhat agree,Somewhat agree,Neither agree nor disagree,Neither agree nor disagree,Somewhat disagree,Neither agree nor disagree,Somewhat agree,Strongly Disagree,Neither agree nor disagree,Neither agree nor disagree,"remove hullbreaker, nerf magic resist, remove mythics",3,5,4,2,1,6,7,"old champion overhauls (asu etc.), item changes "
2023-12-07 15:32:22,2023-12-07 15:37:36,100,314,TRUE,2023-12-07 15:37:37,R_3Ol9bX8h8kqA80w,anonymous,EN,Platinum - Diamond,Female,Jungle,kindred,12,Not Provided,Somewhat agree,Somewhat disagree,Strongly Disagree,Strongly Disagree,Strongly Disagree,Strongly Disagree,Strongly Disagree,Strongly agree,Strongly Disagree,Strongly agree,Strongly agree,If someone feeds their ass off they should lose way more lp.,3,1,4,6,5,7,2,No Response
2023-12-07 15:32:15,2023-12-07 15:39:28,100,433,TRUE,2023-12-07 15:39:29,R_Xn3N4vMPxsE6Sxr,anonymous,EN,Platinum - Diamond,Male,Top,"Pantheon, Aatrox, Sett, Mordekaiser, Darius, Volibear, Warwick, Olaf, Jax",8 ,https://www.op.gg/summoners/euw/Hanzala-0000,Somewhat agree,Neither agree nor disagree,Somewhat disagree,Somewhat disagree,Somewhat disagree,Somewhat agree,Strongly agree,Strongly agree,Somewhat disagree,Strongly agree,Strongly agree,Only top laners should be able to use the teleport summoner spell ,6,5,4,2,1,7,3,No Response
2023-12-07 15:37:09,2023-12-07 15:42:42,100,333,TRUE,2023-12-07 15:42:43,R_214EvauPYCqKt54,anonymous,EN,Platinum - Diamond,Male,Top,Yone/Pantheon/Swain/Aphelios/Senna/Rakan,Start of Season 11,https://www.op.gg/summoners/na/soncScoot-sonc,Somewhat agree,Somewhat agree,Somewhat disagree,Neither agree nor disagree,Somewhat agree,Strongly agree,Neither agree nor disagree,Somewhat disagree,Somewhat agree,Neither agree nor disagree,Somewhat agree,Revert Lethal Tempo to its previous version,4,3,5,6,1,2,7,No Response
2023-12-07 15:42:06,2023-12-07 15:50:19,100,492,TRUE,2023-12-07 15:50:19,R_1dg0rpiVXGhrUfL,anonymous,EN,Platinum - Diamond,Male,Top,"Akali, Pantheon, Renekton ",5~ ,Not Provided,Somewhat agree,Strongly agree,Somewhat disagree,Strongly Disagree,Somewhat agree,Strongly agree,Neither agree nor disagree,Neither agree nor disagree,Somewhat disagree,Neither agree nor disagree,Neither agree nor disagree,"Heavily nerf Akali E damage in return for being able to Q during E and buff her passive, hopefully with energy refund on champion hit, but if that's too much then however much damage would make up for gutting E. Remove hullbreaker. Change balance philosophy to allowing a perfectly played hard champion to be more effective than a perfectly played simple one. It's okay for Garen to be weak in D+ like it's okay for Lee sin to be weak in Bronze. ",3,2,1,4,5,6,7,No Response
2023-12-07 15:54:07,2023-12-07 16:00:18,100,371,TRUE,2023-12-07 16:00:19,R_1LMXG59ufu9E8LU,anonymous,EN,Platinum - Diamond,Male,Jungle,"Zac, Aatrox, rumble",14 ,https://www.op.gg/summoners/euw/Master%20Gandalf-EUW,Strongly agree,Strongly agree,Somewhat agree,Somewhat agree,Strongly agree,Somewhat agree,Somewhat disagree,Neither agree nor disagree,Somewhat disagree,Somewhat disagree,Somewhat agree,"I wouldnt mind getting a tiny bit more xp as a jungler. Feels a bit overnerfed, specially after next season I think junglers are gonna have a bad time",4,3,5,2,7,1,6,No Response
2023-12-07 15:59:05,2023-12-07 16:02:46,100,221,TRUE,2023-12-07 16:02:47,R_2y9g4Keq0V8erQL,anonymous,EN,Iron - Gold,Male,Jungle,Evelynn,10,LeFrantz,Neither agree nor disagree,Strongly agree,Somewhat agree,Somewhat agree,Strongly Disagree,Strongly Disagree,Strongly agree,Strongly agree,Somewhat agree,Strongly agree,Somewhat disagree,Revert the game back to Season 3,1,3,2,6,7,4,5,No Response
2023-12-07 15:59:10,2023-12-07 16:04:25,100,314,TRUE,2023-12-07 16:04:25,R_22CR1AG02KiTiIb,anonymous,EN,Platinum - Diamond,Male,Support,Pyke,13,Not Provided,Somewhat disagree,Somewhat disagree,Strongly Disagree,Strongly agree,Somewhat disagree,Strongly agree,Strongly agree,Strongly agree,Strongly agree,Neither agree nor disagree,Strongly agree,Purge solo que of persons who troll and don't take the competitive environment seriously. Make matchmaking more consistent and accurate and make LP gain/losses more fair.,1,2,3,5,6,4,7,Add voice chat
2023-12-07 16:02:59,2023-12-07 16:05:58,100,178,TRUE,2023-12-07 16:05:58,R_3DnnuDcIqckvMPb,anonymous,EN,Platinum - Diamond,Male,Top,"garen,sett,mordekaiser,lux,tahm,renata",since the end of season 1,Not Provided,Somewhat agree,Somewhat agree,Somewhat disagree,Somewhat agree,Neither agree nor disagree,Neither agree nor disagree,Neither agree nor disagree,Neither agree nor disagree,Somewhat agree,Neither agree nor disagree,Somewhat agree,"just fix top lane, so people dont have to get lane frozen and zoned since 5 minutes for 20 minutes when they make 1 mistake early",6,5,4,3,2,7,1,No Response
2023-12-07 16:05:21,2023-12-07 16:10:14,100,293,TRUE,2023-12-07 16:10:15,R_0lzYiwC1X1A8OeR,anonymous,EN,Iron - Gold,Male,Support,"Lulu, Nautilus, Graves, Tristana",13 ,MiMiKizm#NA1,Somewhat agree,Strongly agree,Strongly agree,Somewhat agree,Somewhat agree,Strongly agree,Neither agree nor disagree,Somewhat agree,Strongly agree,Strongly Disagree,Strongly agree,"Make your visible rank matter.  Silvers should fight silvers, golds should fight golds.....etc",4,2,1,6,5,3,7,No Response
2023-12-07 15:56:54,2023-12-07 16:11:13,100,858,TRUE,2023-12-07 16:11:14,R_1K3zI2GhZAoa2wA,anonymous,EN,Platinum - Diamond,Male,Mid,Syndra,10+ ,Not Provided,Strongly agree,Strongly agree,Neither agree nor disagree,Strongly agree,Somewhat disagree,Neither agree nor disagree,Somewhat disagree,Neither agree nor disagree,Somewhat disagree,Neither agree nor disagree,Neither agree nor disagree,Delete Pantheon and Tryndamere from the game ,1,5,4,6,7,3,2,Add voice chat to the game 
2023-12-07 16:07:49,2023-12-07 16:11:20,100,210,TRUE,2023-12-07 16:11:20,R_1Fhs8Ux8rAdNkGL,anonymous,EN,Iron - Gold,Male,Bot,"Xayah, Ashe, Zeri, Sivir",10,AvantelWulf#HOWL,Somewhat agree,Neither agree nor disagree,Neither agree nor disagree,Somewhat agree,Somewhat disagree,Somewhat agree,Neither agree nor disagree,Strongly agree,Somewhat disagree,Neither agree nor disagree,Strongly agree,,2,3,4,5,1,7,6,General inter-class balance (e.g. ADCs vs mid or support)
2023-12-07 16:08:00,2023-12-07 16:14:38,100,398,TRUE,2023-12-07 16:14:38,R_2PoDis6VmiLNpdu,anonymous,EN,Iron - Gold,Other,Bot,"Zeri, Kog'maw, Seraphine, any bot laner really",For about a ear since the Start of season 12,Hey_Im_Bow,Somewhat agree,Somewhat agree,Strongly Disagree,Strongly Disagree,Strongly agree,Strongly agree,Strongly Disagree,Somewhat agree,Strongly agree,Strongly Disagree,Strongly agree,,3,2,1,6,4,5,7,No Response
2023-12-07 16:13:55,2023-12-07 16:16:25,100,150,TRUE,2023-12-07 16:16:25,R_1dyiOCz2gAx1qmx,anonymous,EN,Platinum - Diamond,Male,Jungle,Viego,4 ,THEBRETT12345#TOPAZ,Somewhat agree,Neither agree nor disagree,Somewhat agree,Somewhat disagree,Strongly Disagree,Strongly Disagree,Neither agree nor disagree,Strongly agree,Somewhat disagree,Neither agree nor disagree,Neither agree nor disagree,Remove lanersâ€™ ability to farm camps,1,3,2,5,4,7,6,No Response
2023-12-07 16:14:32,2023-12-07 16:19:32,100,299,TRUE,2023-12-07 16:19:32,R_2q4VcGGOKCLdQU7,anonymous,EN,Masters+,Male,Bot,zeri,s4,https://www.op.gg/summoners/euw/H%CE%BFmelander-EUW,Strongly agree,Neither agree nor disagree,Strongly Disagree,Strongly agree,Strongly Disagree,Strongly Disagree,Strongly agree,Strongly agree,Strongly Disagree,Strongly Disagree,Strongly Disagree,"remove all ap supports,AD supports AND adc supports they can get cancer and queue up in mid if they wana ap and adc if they wana adc",7,1,2,5,3,4,6,No Response
2023-12-07 16:17:50,2023-12-07 16:23:04,100,313,TRUE,2023-12-07 16:23:05,R_26gTfkDSEwtYNM8,anonymous,EN,Iron - Gold,Male,Top,"Aatrox, Mordekaiser, Fiora & Syndra",Since end of s11,Adriaus28,Somewhat agree,Neither agree nor disagree,Somewhat agree,Somewhat agree,Strongly Disagree,Strongly Disagree,Strongly agree,Strongly agree,Somewhat agree,Neither agree nor disagree,Somewhat agree,"Reduce Jg & Adc impact and transfer that impact to solo laners, as Mid is more of a second supp and top is just ADC peel, usually ending in better Adc with most protection wins",2,4,5,3,1,6,7,Lane & player role power distribution
2023-12-07 16:20:12,2023-12-07 16:24:29,100,257,TRUE,2023-12-07 16:24:30,R_3mksjeVYbpMtgKM,anonymous,EN,Iron - Gold,Male,No Preference / Fill,"Jax, Anivia, Ashe, Pyke",11 ,Hump de bump,Somewhat agree,Strongly agree,Strongly Disagree,Strongly Disagree,Strongly agree,Strongly agree,Strongly Disagree,Neither agree nor disagree,Somewhat agree,Somewhat disagree,Somewhat agree,"Ban smurfs, increase afk penalty. ",3,1,2,4,5,6,7,Reduce mobility. Increase cooldowns to make decisions feel more impactful 
2023-12-07 16:03:06,2023-12-07 16:24:41,100,1295,TRUE,2023-12-07 16:24:41,R_1r8llViYRidXC5i,anonymous,EN,Masters+,Male,Bot,All marksman essentially,Since Season 1,Not Provided,,Somewhat disagree,Somewhat agree,Strongly agree,Strongly Disagree,Somewhat disagree,Strongly agree,Somewhat agree,Somewhat agree,Somewhat agree,Somewhat agree,"MMR/Ranked System ((reliability of) match making), Punishment system (modernised, updating tribunal system with comprehensive options of reporting a player, report of a Honour 5 tribunal member would trigger a message directed to a Riot Support employee to review the report sheet (format) to ban sb. faster and more effectively -> providing utility for Honour 5 players), Promotion games should be re-instituted for only Diamond+ (every tier from Emerald 1 100LP to D1 100 LP), negative LP gain issue should be solved, if ranked restricted you should play to WIN 5 games instead of playing just 5 games, rank 1 or/and top 10 rank players should receive money (potential review to become a pro player), punish jungle ganks more (e.g.: team jungler should be able to punish the enemy jungler by leaving one kurg or one wolf alive so it doesn't reset, junglers should get way less XP and Gold from minions), support roams should be punished if they fail (e.g.: sup item is tied to the bot lane partner, so if they roam and either die or non-bot laner in proximity dies, they should be punished with a timer of less XP/Gold, sup damage should be nerfed across the board but their shields, heals and cc should be buffed (let ADC do the damage during laning and sup should do mosquito bites)), make ADCs XP gain different than from any other role by potentially buffing it but still make it gain slightly less than mid jungle top (sup should maintain current xp sharing disadv without any changes)",1,5,4,6,7,2,3,No Response
2023-12-07 16:18:18,2023-12-07 16:26:04,100,465,TRUE,2023-12-07 16:26:04,R_3fpivT35QPBAcw4,anonymous,EN,Iron - Gold,Female,Jungle,"Nunu, Vi, Azir, Kayn",Since the end of S6,adouble#NA1,Strongly agree,Strongly agree,Somewhat disagree,Somewhat disagree,Somewhat agree,Strongly agree,Strongly Disagree,Somewhat agree,Somewhat disagree,Somewhat disagree,Strongly agree,I'd give Nunu a mythic skin lol (Can't think of any changes I'd make to the game itself),6,7,5,2,1,4,3,No Response
2023-12-07 16:24:16,2023-12-07 16:27:18,100,181,TRUE,2023-12-07 16:27:19,R_0qTdE8Qd7e3Sq0p,anonymous,EN,Masters+,Male,Mid,"Nidalee, Cho'Gath, Kai'Sa, Anivia",13 ,Not Provided,Somewhat agree,Somewhat agree,Neither agree nor disagree,Neither agree nor disagree,Somewhat agree,Somewhat agree,Somewhat disagree,Somewhat agree,Neither agree nor disagree,Somewhat agree,Strongly agree,Remove Invisibility,1,2,3,4,7,5,6,No Response
2023-12-07 16:36:07,2023-12-07 16:39:50,100,223,TRUE,2023-12-07 16:39:51,R_3lFbmbo0baH3Zkd,anonymous,EN,Platinum - Diamond,Male,Mid,Katarina,S1,I would but I change names all the time so,Neither agree nor disagree,Strongly agree,Somewhat disagree,Neither agree nor disagree,Neither agree nor disagree,Somewhat disagree,Somewhat disagree,Strongly agree,Strongly Disagree,Somewhat disagree,Neither agree nor disagree,The community,5,3,2,4,1,6,7,No Response
2023-12-07 16:35:57,2023-12-07 16:41:58,100,361,TRUE,2023-12-07 16:41:58,R_2Yb4hj6hSOCMGcI,anonymous,EN,Iron - Gold,Male,Top,"Darius, Trundle, Jayce, Yasuo, Draven, Kassadin, Rengar, Aphelios",5 ,Not Provided,Somewhat agree,Neither agree nor disagree,Somewhat disagree,Somewhat disagree,Neither agree nor disagree,Somewhat agree,Neither agree nor disagree,Strongly agree,Strongly agree,Neither agree nor disagree,Strongly agree,"Disincentivize early fights botlane, or nerf their snowballing impact.",7,5,6,1,4,2,3,No Response
2023-12-07 16:40:12,2023-12-07 16:49:23,100,551,TRUE,2023-12-07 16:49:24,R_ssUvNC8WkD2MSNb,anonymous,EN,Iron - Gold,Female,No Preference / Fill,"Neeko, Neeko, Neeko, Morgana, Neeko, Cassio, Rammus, Neeko, Nautilus, Xayah - lots of random ones and Neeko",10 ,Not Provided,Neither agree nor disagree,Somewhat agree,Strongly Disagree,Somewhat disagree,Strongly agree,Neither agree nor disagree,Somewhat disagree,Strongly agree,Strongly agree,Strongly Disagree,Somewhat agree,revert the Rammus q change from years ago so using active items doesn't interrupt it anymore,6,7,1,4,2,3,5,No Response
2023-12-07 16:57:55,2023-12-07 17:00:20,100,144,TRUE,2023-12-07 17:00:20,R_1LpWlxoNMM4LN3a,anonymous,EN,Platinum - Diamond,Female,Top,Teemo,12 ,Not Provided,Somewhat agree,Somewhat agree,Strongly Disagree,Strongly Disagree,Somewhat agree,Somewhat agree,Somewhat agree,Strongly agree,Somewhat disagree,Strongly agree,,Slow the game pace down,1,2,3,4,5,6,7,No Response
2023-12-07 16:58:44,2023-12-07 17:02:15,100,210,TRUE,2023-12-07 17:02:15,R_3fdwtyjJLQrgGjP,anonymous,EN,Masters+,Male,Bot,"MF, Ashe, Kalista, Caitlyn, Tristana",Since beta,Not Provided,Strongly agree,Strongly agree,Neither agree nor disagree,Neither agree nor disagree,Strongly agree,Strongly agree,Strongly Disagree,Strongly Disagree,Strongly agree,Strongly Disagree,Neither agree nor disagree,I would delete yuumi,3,4,6,5,2,1,7,No Response
2023-12-07 16:56:34,2023-12-07 17:02:43,100,368,TRUE,2023-12-07 17:02:43,R_3Ez07qtnFhUppkr,anonymous,EN,Platinum - Diamond,Male,Support,"Nami, Vel'Koz",for 8 ,Not Provided,Strongly agree,Somewhat agree,Strongly Disagree,Strongly Disagree,Somewhat agree,Strongly agree,Strongly Disagree,Somewhat disagree,Strongly Disagree,Somewhat disagree,Strongly agree,remove Yuumi,3,2,6,1,7,5,4,No Response
2023-12-07 17:10:29,2023-12-07 17:13:23,100,173,TRUE,2023-12-07 17:13:23,R_2wRgNdlA4Zvs7sp,anonymous,EN,Masters+,Male,Jungle,bel veth,end of season 5,Not Provided,Strongly agree,Strongly agree,Strongly agree,Strongly agree,Somewhat agree,Neither agree nor disagree,Neither agree nor disagree,Somewhat agree,Somewhat agree,Somewhat disagree,Somewhat agree,"make new champions be required to play 10 games in normal quickplay/draft before being able to be used in ranked. This will only be in effect while the new champion has an increased price of 7800, when it gets reduced to 6300 the 10 game requirement is removed",4,5,6,7,1,2,3,No Response
2023-12-07 17:11:56,2023-12-07 17:14:38,100,162,TRUE,2023-12-07 17:14:39,R_3J8fNPl4QQgk429,anonymous,EN,Platinum - Diamond,Male,Mid,"Kai'sa, Ziggs, Malphite, Teemo",10 ,Cacophony,Strongly agree,Strongly agree,Strongly Disagree,Strongly Disagree,Strongly agree,Strongly agree,Strongly Disagree,Strongly Disagree,Strongly agree,Somewhat agree,Strongly agree,I would remove the wind shitters.,2,1,4,6,3,7,5,No Response
2023-12-07 17:09:03,2023-12-07 17:15:14,100,370,TRUE,2023-12-07 17:15:15,R_29biAbJStTXtng9,anonymous,EN,Iron - Gold,Female,Mid,"Taliyah, Neeko, Ahri",3 ,Not Provided,Somewhat agree,Somewhat agree,Somewhat disagree,Somewhat disagree,Somewhat disagree,Somewhat agree,Neither agree nor disagree,Neither agree nor disagree,Strongly Disagree,Neither agree nor disagree,Somewhat agree,"Less dashes overall, delete Sylas, Viego, Pyke, Akshan, Zeri ",1,3,2,5,4,7,6,Reducing the number of dashes
2023-12-07 17:12:39,2023-12-07 17:18:40,100,361,TRUE,2023-12-07 17:18:41,R_UmxmlNzBSHVsnV7,anonymous,EN,Platinum - Diamond,Male,Jungle,"Zac, Jarvan IV, Kindred",3 ,https://www.op.gg/summoners/na/DrSnickerdoodle-3444,Somewhat agree,Somewhat agree,Somewhat disagree,Strongly Disagree,Somewhat agree,Strongly Disagree,Somewhat agree,Strongly Disagree,Strongly agree,Neither agree nor disagree,Strongly agree,I would try and decrease the importance of bot lane and the feeling of having to only gank bot lane as jungle to win the game.,4,2,1,6,3,5,7,No Response
2023-12-07 17:18:50,2023-12-07 17:23:11,100,260,TRUE,2023-12-07 17:23:11,R_1Qt4u2AjFDdc4GY,anonymous,EN,Platinum - Diamond,Male,Top,Riven,1.5 ,3yru,Somewhat agree,Strongly agree,Neither agree nor disagree,Somewhat agree,Somewhat agree,Strongly agree,Somewhat disagree,Neither agree nor disagree,Somewhat disagree,Strongly Disagree,Strongly agree,Work on making certain counter pick matchups for very hard lanes easier so counter picking isn't so op top lane,1,2,4,5,7,6,3,No Response
2023-12-07 16:45:23,2023-12-07 17:27:51,100,2547,TRUE,2023-12-07 17:27:52,R_1LMs0YK9KhExciK,anonymous,EN,Iron - Gold,Male,Jungle,Kindred,5,Not Provided,Somewhat agree,Neither agree nor disagree,Strongly Disagree,Strongly Disagree,Neither agree nor disagree,Somewhat disagree,Neither agree nor disagree,Neither agree nor disagree,Neither agree nor disagree,Somewhat disagree,Somewhat agree,Matchmaking needs to improve and toxic behaviour penalties strengthen,2,1,3,4,5,6,7,None of the above. Dashes/move speed needs to be lowered slightly in strength and abundance among champions.
2023-12-07 17:27:03,2023-12-07 17:32:34,100,330,TRUE,2023-12-07 17:32:34,R_245Z5MiE4HP9Fh2,anonymous,EN,Iron - Gold,Male,Mid,"Ahri, Azir, Draven, Jhin",3 ,Not Provided,Strongly agree,Somewhat agree,Somewhat disagree,Neither agree nor disagree,Somewhat agree,Somewhat agree,Somewhat agree,Somewhat disagree,Somewhat agree,Neither agree nor disagree,Somewhat agree,I would improve the new player experience,1,2,4,5,7,6,3,No Response
2023-12-07 17:32:36,2023-12-07 17:35:57,100,200,TRUE,2023-12-07 17:35:57,R_2SwBsG3qLHUhEJ3,anonymous,EN,Platinum - Diamond,Male,Support,"Galio, Nautilus, Leona, Morgana, Seraphine, Pyke",5 ,Not Provided,Somewhat agree,Somewhat agree,Neither agree nor disagree,Somewhat agree,Neither agree nor disagree,Somewhat agree,Neither agree nor disagree,Somewhat agree,Somewhat disagree,Somewhat agree,Somewhat agree,I would make some of the tank supports have more durability.,5,3,4,2,6,7,1,No Response
2023-12-07 17:36:10,2023-12-07 17:39:24,100,194,TRUE,2023-12-07 17:39:25,R_2afU5BcM906Ybjg,anonymous,EN,Platinum - Diamond,Male,Mid,"Syndra, Ezreal",10 ,https://www.op.gg/summoners/na/Jmon-NA46,Somewhat agree,Somewhat agree,Somewhat agree,Neither agree nor disagree,Somewhat agree,Neither agree nor disagree,Neither agree nor disagree,Somewhat disagree,Neither agree nor disagree,Neither agree nor disagree,Somewhat agree,,1,4,3,2,5,7,6,No Response
2023-12-07 17:39:36,2023-12-07 17:50:22,100,646,TRUE,2023-12-07 17:50:23,R_2QRrJbPHJPCLJBV,anonymous,EN,Platinum - Diamond,Female,Support,"In no particular order: Soraka, Ashe, Miss Fortune, Riven, Seraphine, Sona, Lillia, Xayah, Poppy, Ahri, Lux, Sylas, Yone, Irelia, Jhin, Nami",11,Not Provided,Somewhat agree,Somewhat agree,Strongly Disagree,Somewhat disagree,Somewhat disagree,Strongly Disagree,Neither agree nor disagree,Strongly agree,Somewhat disagree,Strongly agree,Neither agree nor disagree,"I would remove turret plates from the game, their addition was honestly a mistake; I would also not greenlight the season 14 void grubs... that change is just going to either push bot lane to mid lane or make it so play is skewed towards split pushing; red buff used to burn turrets over time like void grubs will do and they removed it because it caused problems with turrets dying too fast. I believe the upcoming season 14 map changes are an awful change overall, and I don't understand why they decide to isolate top even more and make bot a gank fiesta 24/7.",6,2,3,1,7,5,4,No Response
2023-12-07 17:48:49,2023-12-07 17:51:49,100,180,TRUE,2023-12-07 17:51:50,R_1QLpcB7HcjepIYm,anonymous,EN,Platinum - Diamond,Male,Mid,"pantheon, corki, malzahar, ezreal",9 ,https://u.gg/lol/profile/br1/sivolc/overview,Strongly agree,Somewhat agree,Neither agree nor disagree,Neither agree nor disagree,Somewhat agree,Somewhat agree,Somewhat disagree,Neither agree nor disagree,Somewhat agree,Somewhat disagree,Strongly agree,I would change Corki's kit so that he could be more viable.,1,2,3,4,5,6,7,No Response
2023-12-07 17:41:34,2023-12-07 17:52:11,100,636,TRUE,2023-12-07 17:52:11,R_3E9y37If0QrO03M,anonymous,EN,Iron - Gold,Male,No Preference / Fill,Engage supports but Iâ€™ve been trying to do M7 on everyone so my match history is varied,11,Auxiliari,Somewhat agree,Somewhat agree,Somewhat disagree,Strongly Disagree,Somewhat agree,Neither agree nor disagree,Somewhat disagree,Neither agree nor disagree,Somewhat agree,Neither agree nor disagree,Strongly agree,"Kill Hullbreaker, reduce cdr across all items, give towers either more damage or more tankiness, lower Irelia ms by 5",7,3,5,4,6,2,1,No Response
2023-12-07 17:50:00,2023-12-07 17:53:21,100,200,TRUE,2023-12-07 17:53:22,R_2CBsQKKwlpRhIKB,anonymous,EN,Platinum - Diamond,Male,No Preference / Fill,"Currently Jayce, Senna and Shaco the most",7+ ,Not Provided,Strongly agree,Somewhat agree,Somewhat disagree,Somewhat disagree,Somewhat agree,Neither agree nor disagree,Strongly Disagree,Somewhat disagree,Strongly agree,Neither agree nor disagree,Somewhat agree,"Nothing tbh, can't really find anything that's wrong with it",2,6,4,3,1,5,7,No Response
2023-12-07 14:15:55,2023-12-07 18:07:49,100,13914,TRUE,2023-12-07 18:07:50,R_2uP7jjHmqdUH4YU,anonymous,EN,Masters+,Prefer not to say,Bot,zeri twitch aphelios,3 ,ðŸ˜™,Somewhat agree,Strongly agree,Strongly Disagree,Strongly Disagree,Somewhat disagree,Strongly agree,Somewhat agree,Neither agree nor disagree,Somewhat disagree,Somewhat agree,Somewhat agree,"revert jgl exp nerfs, also uncap attack speed and make marksman items and role more about high attack speed/orb walking skill rather than high dmg autos",2,5,4,7,6,1,3,buff camp exp
2023-12-07 18:09:31,2023-12-07 18:12:42,100,191,TRUE,2023-12-07 18:12:43,R_par6JsN7v6RwRVf,anonymous,EN,Iron - Gold,Male,Bot,"Ezreal, Vayne, Camille, Lee Sin, Sylas, Corki, Lucian",13,https://www.op.gg/summoners/kr/Hide%20on%20bush-KR1,Somewhat agree,Somewhat agree,Somewhat disagree,Neither agree nor disagree,Somewhat disagree,Neither agree nor disagree,Somewhat agree,Strongly agree,Somewhat disagree,Strongly agree,Somewhat disagree,"Turn the cooldowns way down, sustain down, burstiness down. Make the game much more slow paced and methodical. If I wanted to play a bursty, fast paced game, I'd play a battle royale, not a fucking moba.",1,2,5,3,4,6,7,Remove shielding/healing enchanters from the game
2023-12-07 18:19:32,2023-12-07 18:22:02,100,150,TRUE,2023-12-07 18:22:03,R_3isc5bq4z9IoZs9,anonymous,EN,Platinum - Diamond,Male,Mid,"Sylas, Ezreal, Kha",13,Not Provided,Somewhat agree,Somewhat agree,Somewhat agree,Somewhat agree,Somewhat agree,Neither agree nor disagree,Neither agree nor disagree,Strongly agree,Somewhat agree,Somewhat disagree,Somewhat agree,I'd tone down dps.,1,3,5,2,4,6,7,No Response
2023-12-07 18:26:32,2023-12-07 18:29:22,100,169,TRUE,2023-12-07 18:29:22,R_1g0GS5x57QOYrkF,anonymous,EN,Iron - Gold,Male,Support,"Taric, Illaoi, Braum, Samira",12 ,Not Provided,Somewhat disagree,Somewhat agree,Somewhat disagree,Somewhat disagree,Strongly Disagree,Somewhat disagree,Strongly agree,Strongly agree,Somewhat disagree,Strongly agree,Somewhat agree,I would reduce all damage in the game,1,2,3,5,6,7,4,No Response
2023-12-07 18:39:49,2023-12-07 18:47:29,100,460,TRUE,2023-12-07 18:47:30,R_2siHyAFBMdOS1Sp,anonymous,EN,Platinum - Diamond,Male,Top,camille gwen sion,1 and a half ,https://www.op.gg/summoners/euw/DeezGhouls-EUW,Somewhat agree,Somewhat agree,Somewhat disagree,Somewhat agree,Somewhat agree,Somewhat agree,Neither agree nor disagree,,Somewhat disagree,Neither agree nor disagree,Somewhat agree,nerf ornn,1,2,3,4,6,7,5,No Response
2023-12-07 18:45:00,2023-12-07 18:47:40,100,160,TRUE,2023-12-07 18:47:41,R_qDz0f8osFaNs1yh,anonymous,EN,Platinum - Diamond,Prefer not to say,Jungle,"Shaco, khazix, wukong",14 ,Not Provided,Strongly agree,Strongly agree,Somewhat agree,Somewhat agree,Strongly agree,Strongly agree,Somewhat agree,Somewhat agree,Neither agree nor disagree,Somewhat disagree,Strongly agree,Fix smurfing in ranked,5,6,7,2,1,4,3,No Response
2023-12-07 16:43:01,2023-12-07 18:51:20,100,7698,TRUE,2023-12-07 18:51:21,R_3dXosWCx5n6UyLI,anonymous,EN,Platinum - Diamond,Male,Bot,"Kalista, varus, sivir, caitlyn",Season 3,drakoniic#na1,Somewhat agree,Neither agree nor disagree,Somewhat disagree,Somewhat disagree,Somewhat agree,Strongly agree,Somewhat agree,Strongly agree,Strongly agree,Strongly agree,Somewhat agree,Undo the xp nerf to bot lane from season 8 I believe,1,2,4,5,3,6,7,No Response
2023-12-07 18:51:47,2023-12-07 18:55:56,100,248,TRUE,2023-12-07 18:55:56,R_3hykYnuZ9xD06ga,anonymous,EN,Platinum - Diamond,Male,Top,"Mundo, Pantheon, Ornn",Season 3,Not Provided,Neither agree nor disagree,Somewhat disagree,Somewhat disagree,Neither agree nor disagree,Strongly Disagree,Strongly Disagree,Strongly agree,Strongly agree,Somewhat disagree,Strongly agree,Somewhat disagree,Heavily reduce ability haste or severely reduce non attributable true damage (30% of damage taken being passively from items is not it),7,3,6,4,5,1,2,No Response
2023-12-07 18:56:31,2023-12-07 18:59:22,100,171,TRUE,2023-12-07 18:59:23,R_pyKpauabRSVDiwx,anonymous,EN,Masters+,Female,Support,Seraphine,10 ,Not Provided,Somewhat agree,Strongly agree,Strongly Disagree,Strongly Disagree,Neither agree nor disagree,Somewhat agree,Somewhat disagree,Neither agree nor disagree,Somewhat agree,Neither agree nor disagree,Strongly agree,,5,4,2,3,1,7,6,No Response
2023-12-07 18:54:35,2023-12-07 19:00:36,100,360,TRUE,2023-12-07 19:00:36,R_2z7r0Rm79YkPYRP,anonymous,EN,Platinum - Diamond,Male,Support,"Nami, Cassiopeia, Velâ€™Koz",Since Beta,Not Provided,Somewhat agree,Somewhat agree,Strongly Disagree,Somewhat agree,Somewhat agree,Strongly agree,Somewhat disagree,Somewhat agree,Somewhat disagree,Neither agree nor disagree,Somewhat agree,"Re-evaluation of certain champions kitsâ€™ enjoyment of playing against (not power level) EXs: Yasuo, Yone, Zed, Vlad",1,3,2,6,7,5,4,"Champion mobility accessibility is a major factor that plays into both offensive and defensive power to an extreme, potentially polarizing, degree. "
2023-12-07 19:35:24,2023-12-07 19:40:07,100,282,TRUE,2023-12-07 19:40:07,R_3kG1aGMs48BjSGB,anonymous,EN,Iron - Gold,Non-binary / third gender,No Preference / Fill,"caitlyn, rakan",10 ,Not Provided,Somewhat agree,Neither agree nor disagree,Neither agree nor disagree,Neither agree nor disagree,Neither agree nor disagree,Somewhat agree,Neither agree nor disagree,Somewhat agree,Somewhat disagree,Neither agree nor disagree,Neither agree nor disagree,delete yuumi,2,3,1,5,6,7,4,No Response
2023-12-07 19:50:29,2023-12-07 19:56:20,100,351,TRUE,2023-12-07 19:56:21,R_1PY6YTcVPYZWFh4,anonymous,EN,Iron - Gold,Male,Jungle,"Belâ€™Veth, Briar, Kled, Fiora",11,Cainjaa17#NA1,Strongly agree,Somewhat agree,Somewhat disagree,Somewhat disagree,Neither agree nor disagree,Somewhat agree,Somewhat disagree,Neither agree nor disagree,Somewhat agree,Strongly Disagree,Strongly agree,"Remove ranked splits, some of us donâ€™t have time to do placements 3 times a year. Try to make more abilities interactive (Akali shroud and Yone e come to mind)",6,3,4,1,5,2,7,No Response
2023-12-07 19:53:21,2023-12-07 20:00:33,100,432,TRUE,2023-12-07 20:00:34,R_2ZDIxf6gm1Lvqmv,anonymous,EN,Iron - Gold,Male,Support,"Nautilus, Jarvan, Vi, Sejuani",11 ,Not Provided,Neither agree nor disagree,Strongly Disagree,Strongly Disagree,Somewhat agree,Somewhat disagree,Strongly Disagree,Somewhat agree,Strongly agree,Strongly agree,Strongly agree,Somewhat disagree,"Remove Zed and Duskblade from the game, remove ranks and return to ELO system",4,1,3,5,7,6,2,"Game changes too frequently nowadays. Instead of introducing new things, Riot should focus on making sure all old-ish champions are updated to the current state of the game and make them viable picks again (like Malzahar)"
2023-12-07 19:59:27,2023-12-07 20:08:30,100,543,TRUE,2023-12-07 20:08:31,R_qXCGqJUIVbPnrYR,anonymous,EN,Platinum - Diamond,Male,Top,Shen/Ornn/Akali,4,Jartmer#FTW on EUNE,Somewhat agree,Strongly agree,Strongly Disagree,Somewhat disagree,Neither agree nor disagree,Neither agree nor disagree,Strongly Disagree,Neither agree nor disagree,Strongly agree,Neither agree nor disagree,Somewhat agree,"I'd make a Winter map, Halloween map, fall map etc. make as many as possible and rotate them very often, also I'd make the RGM(rotating game mode) switch every week ",3,1,2,4,5,6,7,No Response
2023-12-07 20:09:39,2023-12-07 20:15:50,100,371,TRUE,2023-12-07 20:15:50,R_3KxvKUYKwvrI5CF,anonymous,EN,Iron - Gold,Male,Jungle,"Nocturne, Brand, Sylas, J4",Off and on since season 1,https://www.op.gg/summoners/na/Bones2Long-b2l,Somewhat agree,Somewhat agree,Neither agree nor disagree,Neither agree nor disagree,Somewhat agree,Strongly agree,Somewhat disagree,Neither agree nor disagree,Strongly agree,Neither agree nor disagree,Somewhat agree,"As a jungle main, I would rework my role out of existence. The Jungler, as a role, being a thing has been oh so subtly parasitic for the entire game's lifespan in a way that I don't think is healthy anymore. (e.g. jungle getting reworked every season)",5,4,1,6,2,3,7,See my above response. I don't even know how it could be accomplished.
2023-12-07 20:18:00,2023-12-07 20:21:48,100,228,TRUE,2023-12-07 20:21:49,R_rrOHDVfwPoC7zRT,anonymous,EN,Platinum - Diamond,Male,Support,Tanks,10 ,circles308,Somewhat agree,Somewhat agree,Somewhat disagree,Somewhat disagree,Strongly Disagree,Somewhat disagree,Somewhat agree,Somewhat agree,Somewhat disagree,Strongly agree,Neither agree nor disagree,Lower the damage,1,3,2,4,7,6,5,No Response
2023-12-07 20:22:34,2023-12-07 20:28:13,100,338,TRUE,2023-12-07 20:28:13,R_1re1PV1RTy7nKu3,anonymous,EN,Platinum - Diamond,Non-binary / third gender,Jungle,"lee sin, morgana. ivern, j4",4 ,Not Provided,Somewhat agree,Strongly agree,Somewhat agree,Somewhat agree,Somewhat agree,Strongly agree,Neither agree nor disagree,Neither agree nor disagree,Strongly Disagree,Neither agree nor disagree,Strongly agree,Rebalance rune tree,2,7,3,5,1,4,6,No Response
2023-12-07 20:28:23,2023-12-07 20:31:32,100,188,TRUE,2023-12-07 20:31:32,R_2c0IiFif0x2cV2m,anonymous,EN,Platinum - Diamond,Male,Mid,All,10 ,Not Provided,Strongly agree,Strongly agree,Somewhat disagree,Somewhat agree,Strongly agree,Strongly agree,Strongly Disagree,Strongly agree,Somewhat agree,Somewhat disagree,Strongly agree,More unique rotating gamemodes,3,1,2,4,7,5,6,"I trust the balance team, for the most part, to prioritize. A given champion can be affected by larger meta changes."
2023-12-07 20:37:23,2023-12-07 20:48:02,100,638,TRUE,2023-12-07 20:48:02,R_3s55wpuTlj0FksA,anonymous,EN,Platinum - Diamond,Male,No Preference / Fill,"Udyr, Naafiri, Lux",13 ,https://www.op.gg/summoners/na/Aean-NA1,Strongly agree,Strongly agree,Strongly agree,Strongly agree,Strongly agree,Strongly agree,Strongly Disagree,Somewhat agree,Somewhat agree,Strongly Disagree,Strongly agree,Rework or remove Vision denial skills such as Graves' Smokescreen or Nocturne's Ultimate,5,2,4,1,6,3,7,No Response
2023-12-07 20:52:22,2023-12-07 20:55:21,100,179,TRUE,2023-12-07 20:55:22,R_3ISFK3ZeCPrMWgI,anonymous,EN,Iron - Gold,Male,Support,Leona,11,Ceness (OCE),Strongly agree,Somewhat agree,Strongly Disagree,Somewhat agree,Neither agree nor disagree,Somewhat disagree,Somewhat agree,Strongly agree,Somewhat agree,Somewhat agree,Strongly agree,"Make safe assassins (Fizz, Zed, LB) have higher cooldowns on their abilities",1,3,2,4,6,5,7,No Response
2023-12-07 20:53:18,2023-12-07 21:00:48,100,449,TRUE,2023-12-07 21:00:48,R_1q3W1S7WFEQ2RBy,anonymous,EN,Platinum - Diamond,Male,Mid,"Kassadin, Akali and Talon in that order.",11  lol,Not Provided,Neither agree nor disagree,Neither agree nor disagree,Somewhat agree,Somewhat agree,Strongly Disagree,Strongly Disagree,Strongly agree,Somewhat agree,Strongly Disagree,Strongly agree,Neither agree nor disagree,"Jungle should be reworked, enemy jungle sitting a lane for 10 min shouldnt be a thing, the amount of tempo given is ridiculous.",4,2,1,3,7,5,6,"FUCK CHAT RESTRICTED, ITS JUST A GAME, WHAT THE FUCK DO YOU CARE ABOUT A RANDOM GUY TALKING SHIT ON INTERNET WTF"
2023-12-07 21:06:28,2023-12-07 21:10:05,100,216,TRUE,2023-12-07 21:10:05,R_XZj3KElBke9AgJH,anonymous,EN,Platinum - Diamond,Male,No Preference / Fill,Whatever is strong ,9-10 ,WhatAGreatGame,Strongly agree,Strongly agree,Strongly agree,Strongly agree,Somewhat agree,Strongly agree,Strongly Disagree,Somewhat disagree,Somewhat disagree,Somewhat disagree,Strongly agree,,1,3,2,4,5,6,7,Donâ€™t really have an opinion
2023-12-07 21:16:13,2023-12-07 21:19:52,100,219,TRUE,2023-12-07 21:19:53,R_3kz9gHN5NCDH5wK,anonymous,EN,Platinum - Diamond,Male,Bot,"Samira, Jhin, Zeri, Nilah, Caitlyn, Senna, Aurelion Sol",4 ,JTHousek#NA1,Strongly agree,Strongly agree,Somewhat agree,Somewhat agree,Neither agree nor disagree,Somewhat agree,Neither agree nor disagree,Strongly agree,Somewhat disagree,Neither agree nor disagree,Strongly agree,I would revamp a ton of old champs with ASUs. I would make Trundle's R more visibly apparent. I would make Zeri's R stacks fall off about 1 second later.,5,2,3,4,1,6,7,No Response
2023-12-07 21:19:17,2023-12-07 21:26:34,100,436,TRUE,2023-12-07 21:26:34,R_3PSTW0BxWAy4T09,anonymous,EN,Iron - Gold,Male,No Preference / Fill,"Jarvan, Corki, Maokai, Leona, Ezreal",13 ,https://www.op.gg/summoners/na/MusicBlade-NA1,Somewhat agree,Somewhat agree,Somewhat agree,,Neither agree nor disagree,Somewhat agree,Somewhat disagree,Somewhat agree,Somewhat agree,Neither agree nor disagree,Somewhat agree,"I would change how collision-based CC (Gragas stun, Jarvan Knockup, etc) interact with each other. ",5,6,7,1,3,4,2,No Response
2023-12-07 21:26:17,2023-12-07 21:28:17,100,119,TRUE,2023-12-07 21:28:17,R_1GZw7vJaShREiPO,anonymous,EN,Iron - Gold,Male,Support,Brand,12 ,Not Provided,Somewhat agree,Strongly agree,Strongly agree,Somewhat agree,Neither agree nor disagree,Somewhat agree,Somewhat disagree,Somewhat agree,Strongly Disagree,Strongly agree,Strongly agree,,2,3,1,4,7,5,6,No Response
2023-12-07 21:20:17,2023-12-07 21:29:12,100,534,TRUE,2023-12-07 21:29:12,R_PHCfF0LHDoOQmyJ,anonymous,EN,Platinum - Diamond,Male,Mid,"Orianna, Bard, Syndra, Illaoi",11 ,Not Provided,Somewhat agree,Strongly agree,Somewhat agree,Somewhat disagree,Somewhat agree,Somewhat agree,Neither agree nor disagree,Strongly agree,Strongly Disagree,Strongly agree,Somewhat disagree,Remove 5g on ward ping,1,2,3,4,7,5,6,No Response
2023-12-07 21:25:43,2023-12-07 21:29:36,100,233,TRUE,2023-12-07 21:29:37,R_8cb0a0YE4hBLoL7,anonymous,EN,Platinum - Diamond,Male,Support,"Thresh, Riven, Irelia",8 ,Afusa2,Somewhat agree,Somewhat agree,Neither agree nor disagree,Somewhat disagree,Somewhat agree,Somewhat agree,Strongly Disagree,Neither agree nor disagree,Somewhat agree,Somewhat disagree,Somewhat agree,Bring back twisted treeline :). But in reality I like the place that the game is in,1,2,3,4,7,5,6,No Response
2023-12-07 21:32:37,2023-12-07 21:38:06,100,329,TRUE,2023-12-07 21:38:07,R_1MMUiypEIpCzcat,anonymous,EN,Platinum - Diamond,Male,Top,"Illaioi, Miss Fortune, Heimerdinger, Janna, Kassadin, Nocturne ",10 ,GagamboyII,Neither agree nor disagree,Somewhat disagree,Somewhat agree,Somewhat agree,Somewhat disagree,Somewhat disagree,Somewhat agree,Somewhat agree,Somewhat agree,Strongly agree,Somewhat agree,Remove Yuumi from the game.,2,1,3,4,6,5,7,Nerf bruisers' and assassins' base stats in the mid game to late game
2023-12-07 21:37:40,2023-12-07 21:42:28,100,287,TRUE,2023-12-07 21:42:28,R_3075iK02zrB806d,anonymous,EN,Iron - Gold,Male,Bot,"Jhin, Ezreal, Caitlyn",12,Not Provided,Somewhat agree,Neither agree nor disagree,Somewhat disagree,Neither agree nor disagree,Somewhat agree,Neither agree nor disagree,Strongly Disagree,Somewhat agree,Somewhat agree,Somewhat disagree,Somewhat agree,Officially supported map skins to make SR less boring/repetitive,1,2,3,4,6,5,7,No Response
2023-12-07 21:39:54,2023-12-07 21:43:20,100,206,TRUE,2023-12-07 21:43:21,R_3Jz145ekdxr6M7W,anonymous,EN,Iron - Gold,Male,Top,Gwen,3,WillScissor4Tank,Somewhat agree,Strongly Disagree,Strongly Disagree,Neither agree nor disagree,Strongly Disagree,Somewhat disagree,Somewhat agree,Somewhat agree,Neither agree nor disagree,Strongly agree,Strongly agree,"Ratio reduction all all abilities (HASTE, AP, AD)",1,3,2,5,7,4,6,JG impact
2023-12-07 21:46:01,2023-12-07 21:49:30,100,209,TRUE,2023-12-07 21:49:31,R_1GUKZQUNqg2bQPg,anonymous,EN,Platinum - Diamond,Male,Top,Illoai Cho Fiora ornn ,13 ,Not Provided,Somewhat agree,Somewhat agree,Somewhat agree,Somewhat agree,Neither agree nor disagree,Neither agree nor disagree,Somewhat agree,Somewhat agree,Somewhat agree,Somewhat disagree,Strongly agree,Make jungle weaker,4,7,5,6,1,3,2,No Response
2023-12-07 21:42:44,2023-12-07 22:09:04,100,1580,TRUE,2023-12-07 22:09:05,R_UxPMdJRdIAGJecF,anonymous,EN,Iron - Gold,Male,Mid,"Azir, Viego, Zed, Nautilus, Blitzcrank",3.5 ,xbabo,Neither agree nor disagree,Somewhat agree,Strongly Disagree,Somewhat agree,Somewhat disagree,Strongly Disagree,Strongly agree,Somewhat agree,Somewhat disagree,Neither agree nor disagree,Neither agree nor disagree,I would delete the ADC and Jungle roles.,4,1,2,3,5,7,6,No Response
2023-12-07 22:45:09,2023-12-07 22:49:59,100,289,TRUE,2023-12-07 22:49:59,R_R2CwTv7elAfZbHz,anonymous,EN,Platinum - Diamond,Male,Bot,"Jinx, Kog'maw, Yasuo, Zed, ",7,Phrofuton#KNYE,Somewhat agree,Somewhat disagree,Strongly Disagree,Somewhat disagree,Strongly Disagree,Strongly Disagree,Somewhat agree,Strongly agree,Somewhat agree,Strongly agree,Somewhat agree,"Remove jungle and make adc decide the winning bot lane, not supports.",1,6,4,7,2,3,5,No Response
2023-12-07 23:00:50,2023-12-07 23:11:27,100,637,TRUE,2023-12-07 23:11:28,R_22sj5xD6VlfAD8u,anonymous,EN,Platinum - Diamond,Female,Bot,"Xayah, Ezreal, Varus, Aphelios",6 ,Not Provided,Somewhat agree,Somewhat agree,Somewhat disagree,Somewhat disagree,Somewhat agree,Somewhat agree,Neither agree nor disagree,Somewhat agree,Somewhat disagree,Somewhat disagree,Somewhat agree,Iâ€™d change the height difference from the river to the rest of the map,7,4,5,2,1,6,3,No Response
2023-12-07 23:08:07,2023-12-07 23:26:59,100,1132,TRUE,2023-12-07 23:26:59,R_p4aEN6ppzzwR0yd,anonymous,EN,Iron - Gold,Female,Bot,"Zyra, Swain, Caitlyn, Jhin, Aphelios, Seraphine, Varus, Senna, Miss Fortune",14,Not Provided,Somewhat agree,Somewhat agree,Somewhat agree,Neither agree nor disagree,Somewhat agree,Somewhat agree,Somewhat agree,Somewhat disagree,Somewhat disagree,Somewhat agree,Strongly agree,"I dont like how strong top/jungle often is in low elo. Especially as ADC/bot it feels frustrating being steamrolled by a toplane bruiser that got slightly more. Even if you did okayish in lane, its often really hard in mid game to do anything",3,2,4,1,5,7,6,No Response
2023-12-08 00:12:32,2023-12-08 00:17:17,100,284,TRUE,2023-12-08 00:17:17,R_sp9v3eVhSpuucqR,anonymous,EN,Iron - Gold,Male,Mid,"Quinn, LeBlanc, Azir, Ahri, Qiyana",four ,Evilzonne,Somewhat agree,Somewhat agree,Somewhat disagree,Neither agree nor disagree,Somewhat agree,Somewhat agree,Somewhat disagree,Neither agree nor disagree,Somewhat agree,Neither agree nor disagree,Somewhat agree,I would give Quinn some more attack speed back on her W passive,3,4,1,2,7,6,5,No Response
2023-12-08 00:20:20,2023-12-08 00:23:59,100,219,TRUE,2023-12-08 00:24:00,R_9tqYizw80HNNPTX,anonymous,EN,Iron - Gold,Male,Support,"Bard, Braum, Thresh, Renata, Azir",9 ,Not Provided,Strongly agree,Somewhat agree,Neither agree nor disagree,Somewhat agree,Somewhat disagree,Somewhat disagree,Somewhat disagree,Somewhat agree,Somewhat agree,Somewhat agree,Somewhat agree,Reduce burst and mobility,1,3,4,5,6,7,2,No Response
2023-12-08 00:55:36,2023-12-08 01:01:01,100,324,TRUE,2023-12-08 01:01:02,R_2ziHp1STZafmgSM,anonymous,EN,Platinum - Diamond,Male,Support,"Morgana, Thresh, Pyke",11 ,Rose of Sharon (PH),Somewhat agree,Strongly agree,Somewhat disagree,Neither agree nor disagree,Somewhat disagree,Neither agree nor disagree,Somewhat disagree,,Strongly agree,Strongly agree,Somewhat agree,Bring back seasonal maps,3,2,1,4,5,6,7,No Response
2023-12-08 01:11:37,2023-12-08 01:17:27,100,349,TRUE,2023-12-08 01:17:28,R_3x5Aw0clVnOn9kZ,anonymous,EN,Masters+,Male,Support,Senna,11 ,Quaisy,Somewhat agree,Strongly agree,Somewhat agree,Somewhat agree,Somewhat disagree,Somewhat agree,Neither agree nor disagree,Somewhat agree,Somewhat disagree,Somewhat agree,Somewhat agree,Nerf Garen,1,2,3,4,5,6,7,"Less impactful items, shift power back into the champ's kit and let items support that. Items like Goredrinker healing 500+ HP heal on a 10 sec CD turns every melee AD champ into a drain tank."
2023-12-08 01:20:39,2023-12-08 01:22:29,100,109,TRUE,2023-12-08 01:22:29,R_1rulAHeQzOz02WB,anonymous,EN,Iron - Gold,Prefer not to say,No Preference / Fill,No Main Champ,Not Provided,Not Provided,Somewhat agree,Somewhat agree,Neither agree nor disagree,Neither agree nor disagree,Neither agree nor disagree,Neither agree nor disagree,Somewhat disagree,Neither agree nor disagree,Somewhat agree,Strongly agree,Somewhat agree,,3,2,4,5,1,6,7,No Response
2023-12-08 01:18:42,2023-12-08 01:23:49,100,307,TRUE,2023-12-08 01:23:50,R_UF6v6EiA1KvgntL,anonymous,EN,Masters+,Male,No Preference / Fill,"Samira, Lucian, Azir",12 ,Not Provided,Somewhat agree,Neither agree nor disagree,Strongly Disagree,Somewhat disagree,Somewhat agree,Neither agree nor disagree,Neither agree nor disagree,Strongly agree,Somewhat agree,Somewhat disagree,Neither agree nor disagree,"Shift impacts of Roles around, so they are more evenly balanced (announced Preaseason changes are a very good start)",4,2,5,3,6,1,7,No Response
2023-12-08 01:31:55,2023-12-08 01:34:26,100,151,TRUE,2023-12-08 01:34:27,R_115YwNoRYJZvFH2,anonymous,EN,Iron - Gold,Male,Top,all of them,10  (since season 3),Not Provided,Strongly agree,Somewhat agree,Strongly Disagree,Strongly Disagree,Somewhat agree,Somewhat agree,Neither agree nor disagree,Neither agree nor disagree,Somewhat agree,Strongly agree,Strongly agree,i would make toplane have more impact,4,5,6,3,1,7,2,No Response
2023-12-08 01:38:40,2023-12-08 01:41:04,100,143,TRUE,2023-12-08 01:41:05,R_1fdDffbrRpOT40Y,anonymous,EN,Masters+,Male,Mid,"Ryze, Ekko, Orianna, Syndra",11 ,Not Provided,Strongly agree,Somewhat agree,Somewhat disagree,Neither agree nor disagree,Somewhat agree,Somewhat agree,Strongly Disagree,Somewhat disagree,Somewhat disagree,Neither agree nor disagree,Strongly agree,Toning down the bounty system,1,4,3,2,7,5,6,No Response
2023-12-08 01:41:57,2023-12-08 01:45:56,100,239,TRUE,2023-12-08 01:45:57,R_PMa7hOTVHmC6ESt,anonymous,EN,Iron - Gold,Male,Top,"Riven, Irelia, Ornn, Malphite, Singed, Dr. Mundo, Cho'goth",since season 2,Not Provided,Strongly agree,Neither agree nor disagree,Somewhat disagree,Somewhat disagree,Strongly Disagree,Somewhat agree,Strongly agree,Strongly agree,Somewhat agree,Strongly agree,Strongly Disagree,lower support's gold and agency. Support gaining power took power from the solo laners. It's just how game design works in a team based game.,2,1,3,7,5,6,4,No Response
2023-12-08 02:13:26,2023-12-08 02:17:12,100,226,TRUE,2023-12-08 02:17:13,R_24dzddyINuwW8hb,anonymous,EN,Platinum - Diamond,Male,Top,"Shen, Ornn, Sion, Viktor, Azir",10 ,Not Provided,Strongly agree,Somewhat agree,Somewhat disagree,Somewhat disagree,Strongly Disagree,Strongly Disagree,Somewhat agree,Strongly agree,Somewhat agree,Strongly agree,Neither agree nor disagree,Delete Yummi,3,4,2,6,7,5,1,Delete Yummi
2023-12-08 02:16:30,2023-12-08 02:18:42,100,132,TRUE,2023-12-08 02:18:42,R_2Cs3JmqLo1GfZm8,anonymous,EN,Iron - Gold,Male,Mid,"ziggs, orianna, caitlyn, jinx",11 ,Not Provided,Somewhat disagree,Strongly Disagree,Somewhat disagree,Somewhat disagree,Strongly Disagree,Strongly Disagree,Strongly agree,Strongly agree,Neither agree nor disagree,Strongly agree,Somewhat disagree,nerf tank items,1,4,3,2,7,6,5,No Response
2023-12-08 02:28:59,2023-12-08 02:36:28,100,449,TRUE,2023-12-08 02:36:29,R_27CdWp4H4zEW3DU,anonymous,EN,Iron - Gold,Male,Support,"Ashe, Alistar, Malzahar, Malphite, Warwick, Brand, Morgana, Leona, many more",With big interruptions since the Open Beta,https://www.op.gg/summoners/euw/Lowallyn-EUW,Strongly agree,Somewhat agree,Neither agree nor disagree,Neither agree nor disagree,Somewhat agree,Somewhat disagree,Strongly Disagree,Somewhat disagree,Somewhat agree,Somewhat agree,Neither agree nor disagree,I would reduce the amount of uninterruptible Skills (e.g. Sett Ultimate and W),2,1,3,4,7,5,6,No Response
2023-12-08 02:54:15,2023-12-08 02:58:11,100,236,TRUE,2023-12-08 02:58:12,R_2taK8H0im8l6ix3,anonymous,EN,Platinum - Diamond,Male,Mid,"Ahri, Sivir, Ziggs",since release,https://www.op.gg/summoners/euw/Fanf-EUW,Somewhat agree,Somewhat agree,Somewhat disagree,Somewhat disagree,Neither agree nor disagree,Somewhat disagree,Somewhat disagree,Somewhat agree,Somewhat agree,Somewhat disagree,Somewhat agree,SmurfQ and ToxicQ,5,3,6,7,1,2,4,No Response
2023-12-08 02:58:56,2023-12-08 03:03:15,100,259,TRUE,2023-12-08 03:03:16,R_5j3WYD7PPZfD5NT,anonymous,EN,Platinum - Diamond,Male,Support,"Thresh, Rell, Rakan",7.5 ,Kevekk #EUW,Somewhat agree,Somewhat agree,Strongly Disagree,Strongly Disagree,Somewhat agree,Somewhat agree,Neither agree nor disagree,Somewhat disagree,Somewhat disagree,Neither agree nor disagree,Strongly agree,I would overhaul the tutorial,5,6,4,1,7,3,2,No Response
2023-12-08 04:57:59,2023-12-08 05:02:05,100,245,TRUE,2023-12-08 05:02:05,R_AMXyiACLJdtZPfb,anonymous,EN,Platinum - Diamond,Male,Support,"Rakan, Bard, Braum, Alistar, Leona",12,Aerenax#EUW,Somewhat agree,Somewhat agree,Neither agree nor disagree,Somewhat disagree,Neither agree nor disagree,Somewhat disagree,Neither agree nor disagree,Somewhat agree,Somewhat agree,Somewhat agree,Somewhat agree,"Make snowballing less impactful, so longer games!",3,4,5,2,1,7,6,No Response
2023-12-08 05:09:28,2023-12-08 05:12:12,100,163,TRUE,2023-12-08 05:12:12,R_1FKZ5cmvx1NJMn4,anonymous,EN,Iron - Gold,Male,Top,"Briar, Cho'Gath, Sett, Tahm Kench",10,LeADCurry,Somewhat agree,Neither agree nor disagree,Strongly Disagree,Strongly Disagree,Somewhat agree,Somewhat disagree,Neither agree nor disagree,Strongly agree,Somewhat agree,Somewhat disagree,Strongly agree,Rework most old champions like Corki or Zilean to bring them at least visually on par with the newest champions,1,2,3,4,6,5,7,No Response
2023-12-08 05:11:21,2023-12-08 05:14:30,100,189,TRUE,2023-12-08 05:14:31,R_2QGmp2oAI9Dl8GT,anonymous,EN,Platinum - Diamond,Male,Bot,Aphelios varus,4 ear,Not Provided,Somewhat agree,Neither agree nor disagree,Strongly Disagree,Strongly Disagree,Neither agree nor disagree,Somewhat disagree,Neither agree nor disagree,Neither agree nor disagree,Somewhat agree,Strongly agree,Somewhat agree,Remove Hullbreaker,6,1,4,5,7,3,2,No Response
2023-12-08 05:21:46,2023-12-08 05:26:58,100,312,TRUE,2023-12-08 05:26:59,R_3hchLP3Sf9htGSH,anonymous,EN,Platinum - Diamond,Male,Support,Sona,12 ,Not Provided,Strongly agree,Somewhat agree,Neither agree nor disagree,Neither agree nor disagree,Somewhat agree,Strongly agree,Strongly Disagree,Somewhat agree,Somewhat agree,Somewhat disagree,Somewhat agree,More beginner friendly. And more 'fun' game modes.,6,5,7,3,1,2,4,Team building i.e. role select and champion select
2023-12-08 05:57:31,2023-12-08 06:07:44,100,613,TRUE,2023-12-08 06:07:45,R_10NUR8ouxRSvxuF,anonymous,EN,Platinum - Diamond,Male,Support,"Rakan, Leona, Ahri, Alistar",7 ,Not Provided,Somewhat agree,Strongly agree,Somewhat agree,Somewhat agree,Neither agree nor disagree,Somewhat agree,Somewhat disagree,Somewhat agree,Somewhat disagree,Somewhat disagree,Somewhat agree,Deleting yuumi and Ksante,1,2,3,4,5,6,7,No Response
2023-12-08 06:07:00,2023-12-08 06:09:34,100,154,TRUE,2023-12-08 06:09:35,R_wZrA9ftsBtu5bwZ,anonymous,EN,Platinum - Diamond,Male,Bot,Samira,12,Yuen#Neuy - on EUW,Somewhat agree,Somewhat agree,Neither agree nor disagree,Somewhat disagree,Somewhat agree,Strongly Disagree,Somewhat agree,Strongly agree,Strongly Disagree,Somewhat agree,Strongly agree,I'd like more Agency for the Botlane,3,2,1,4,6,7,5,No Response
2023-12-08 06:30:15,2023-12-08 06:34:25,100,250,TRUE,2023-12-08 06:34:26,R_1rrkj5Wu2gOtyXS,anonymous,EN,Platinum - Diamond,Male,Top,Jax yone ksante,4 ,Konvoy#gojo,Neither agree nor disagree,Strongly agree,Somewhat disagree,Somewhat disagree,Neither agree nor disagree,Somewhat disagree,Somewhat disagree,Strongly Disagree,Strongly agree,Neither agree nor disagree,Neither agree nor disagree,Fix the mmr and tone down jungle a bit ,5,7,6,1,2,3,4,No Response
2023-12-08 06:32:20,2023-12-08 06:38:05,100,344,TRUE,2023-12-08 06:38:05,R_2Cvbq6SnjTL9Dv5,anonymous,EN,Platinum - Diamond,Male,Mid,Xerath,"been on and off, but I started on season 3",Not Provided,Neither agree nor disagree,Somewhat disagree,Strongly Disagree,Strongly agree,Neither agree nor disagree,Somewhat disagree,Somewhat agree,Neither agree nor disagree,Neither agree nor disagree,Strongly agree,Somewhat agree,"I'd change the constant dashes, increasing their cooldown/costs. Same kind of big haul like durablity patch and lifesteal/omnivamp nerf.",1,3,5,6,2,4,7,No Response
2023-12-08 07:10:59,2023-12-08 07:14:29,100,209,TRUE,2023-12-08 07:14:29,R_2zU4hHFpqRORqEX,anonymous,EN,Platinum - Diamond,Male,Support,Leona,12 ,https://www.op.gg/summoners/euw/Noob%20HK-00000,Somewhat agree,Somewhat agree,Somewhat agree,Strongly agree,Strongly agree,Somewhat agree,Strongly Disagree,Neither agree nor disagree,Somewhat agree,Somewhat disagree,Somewhat agree,,7,5,6,2,1,4,3,No Response
2023-12-08 07:16:53,2023-12-08 07:19:43,100,170,TRUE,2023-12-08 07:19:44,R_2sXTKzDGskZCIXp,anonymous,EN,Platinum - Diamond,Male,Bot,Caitlyn,Before Rengar launch,https://www.op.gg/summoners/br/JabysK-BR1,Somewhat agree,Somewhat agree,Somewhat disagree,Somewhat disagree,Neither agree nor disagree,Strongly Disagree,Somewhat agree,Somewhat agree,Somewhat disagree,Strongly agree,Somewhat agree,Bring back ARAM bans,3,5,4,1,2,6,7,No Response
2023-12-08 07:25:23,2023-12-08 07:30:28,100,305,TRUE,2023-12-08 07:30:30,R_2D67ArkC5wrzpx1,anonymous,EN,Platinum - Diamond,Male,Mid,"Zed, Galio, Viktor, Orianna, Thresh, TF","started in season 4, been plaing on and off since then",https://www.op.gg/summoners/eune/Tree-EUN,Somewhat agree,Strongly agree,Neither agree nor disagree,Neither agree nor disagree,Somewhat agree,Neither agree nor disagree,Strongly Disagree,Strongly agree,Strongly agree,Somewhat disagree,Somewhat agree,"I would balance the game a bit more around pro-play. I'd love to see variety in highest quality gameplay. For example, I'd consider it a balancing failure that a champ like Teemo can have 0 presence in pro play for years.",5,3,2,4,1,6,7,No Response
2023-12-08 07:53:26,2023-12-08 07:56:53,100,207,TRUE,2023-12-08 07:56:54,R_W9FLQpytamI5qdr,anonymous,EN,Iron - Gold,Male,Bot,"Jhin, Ezreal, Kai'sa",4-5 ,https://www.op.gg/summoners/na/Uncle%20Bjergsen-NA1,Somewhat agree,Neither agree nor disagree,Somewhat agree,Somewhat agree,Neither agree nor disagree,Somewhat agree,Somewhat agree,Strongly agree,Somewhat agree,Neither agree nor disagree,Neither agree nor disagree,ADCs not having any outplay potential from certain champions (EX: assassins),2,3,1,4,5,6,7,No Response
2023-12-08 07:52:29,2023-12-08 08:05:21,100,771,TRUE,2023-12-08 08:05:22,R_2SIelWhNLwKtnHs,anonymous,EN,Platinum - Diamond,Male,Support,Marksmen and Engagers,10 ,https://www.op.gg/summoners/lan/Alnimaaa-LAN,Strongly agree,Strongly agree,Somewhat agree,Somewhat agree,Somewhat agree,Neither agree nor disagree,Neither agree nor disagree,Neither agree nor disagree,Somewhat agree,Neither agree nor disagree,Somewhat agree,,3,1,2,4,7,5,6,A clear identity for a champion regarding role.
2023-12-08 08:01:32,2023-12-08 08:08:00,100,388,TRUE,2023-12-08 08:08:01,R_vdDxfoGxbZKbNPX,anonymous,EN,Iron - Gold,Male,Mid,Syndra,7 ,Corey grim#euw,Somewhat agree,Somewhat agree,Somewhat disagree,Strongly Disagree,Somewhat disagree,Somewhat disagree,Somewhat disagree,Somewhat agree,Somewhat agree,Strongly Disagree,Somewhat agree,"Rework frustrating to play against abilities. Invulnerable, stealth. Like fizz, Evelynn shaco, zed range.",1,2,3,6,4,7,5,No Response
2023-12-08 08:17:30,2023-12-08 08:18:47,100,76,TRUE,2023-12-08 08:18:47,R_2wzO1jNLVabjneK,anonymous,EN,Platinum - Diamond,Male,Top,Jax renekton,Not Provided,wegojim21,Strongly agree,Strongly agree,Strongly Disagree,Strongly Disagree,Neither agree nor disagree,Neither agree nor disagree,Strongly Disagree,Strongly Disagree,Strongly agree,Neither agree nor disagree,Strongly agree,voice chat,3,2,4,5,6,7,1,No Response
2023-12-08 08:42:36,2023-12-08 08:44:37,100,120,TRUE,2023-12-08 08:44:37,R_2zRN1HYJpzFIgVW,anonymous,EN,Iron - Gold,Male,Support,jhin,10 ,Not Provided,Somewhat agree,Strongly agree,Somewhat disagree,Somewhat disagree,Somewhat disagree,Somewhat agree,Strongly agree,Strongly agree,Somewhat agree,Strongly agree,Strongly Disagree,more gamemodes,1,3,2,5,7,4,6,No Response
2023-12-08 09:05:22,2023-12-08 09:08:49,100,207,TRUE,2023-12-08 09:08:50,R_12niZDZTr5CRXAT,anonymous,EN,Platinum - Diamond,Male,Bot,"Caitlyn, Ashe, kai'sa, jhin",11-12 ,Not Provided,Somewhat agree,Somewhat agree,Strongly agree,Somewhat agree,Neither agree nor disagree,Somewhat agree,Somewhat agree,Somewhat agree,Strongly agree,Neither agree nor disagree,Strongly agree,I would try to make mid a more important role in the hopes of taking focus from the ADC role,1,2,4,6,3,7,5,No Response
2023-12-08 11:32:24,2023-12-08 11:35:08,100,164,TRUE,2023-12-08 11:35:09,R_QlUq2kmHlX8xj9L,anonymous,EN,Platinum - Diamond,Female,Support,"Nami, Zyra",4,Aalphe#osha,Strongly agree,Somewhat agree,Strongly Disagree,Strongly Disagree,Strongly Disagree,Strongly Disagree,Somewhat agree,Somewhat agree,Somewhat agree,Somewhat agree,Neither agree nor disagree,I would give harsher punishment to inters and afks to improve the state of ranked,1,2,3,5,4,7,6,No Response
2023-12-08 11:13:30,2023-12-08 11:37:09,100,1419,TRUE,2023-12-08 11:37:10,R_2Y99mV4Ng9i9Ejb,anonymous,EN,Iron - Gold,Male,No Preference / Fill,Rumble Thresh Jax,10,Not Provided,Somewhat agree,Strongly agree,Somewhat agree,Somewhat agree,Somewhat disagree,Somewhat agree,Neither agree nor disagree,Strongly agree,Neither agree nor disagree,Somewhat disagree,Somewhat agree,Remove Heartsteel,2,3,4,5,6,7,1,No Response
2023-12-08 11:52:12,2023-12-08 11:57:15,100,302,TRUE,2023-12-08 11:57:15,R_plNXIeJ2UrbrmI9,anonymous,EN,Not Provided,Male,Jungle,No Main Champ,Not Provided,Not Provided,Somewhat disagree,Strongly agree,Strongly agree,Strongly agree,Strongly Disagree,Strongly Disagree,Strongly agree,Somewhat disagree,Somewhat agree,Strongly agree,Somewhat disagree,"Too late, nothing will save it",1,2,3,4,7,5,6,No Response
2023-12-08 11:34:44,2023-12-08 12:52:16,100,4651,TRUE,2023-12-08 12:52:17,R_BXswbzQvhubsB8J,anonymous,EN,Iron - Gold,Male,No Preference / Fill,"Jarvan, Jax, Thresh, Poppy, Gragas",6,ArchInnocent#0307,Strongly agree,Strongly agree,Neither agree nor disagree,Neither agree nor disagree,Neither agree nor disagree,Somewhat disagree,Strongly Disagree,Somewhat disagree,Somewhat agree,Strongly Disagree,Somewhat agree,I would improve the new player experience.,4,3,1,2,5,7,6,No Response
2023-12-12 11:23:27,2023-12-12 11:29:53,100,386,TRUE,2023-12-12 11:29:54,R_1hFgJ8KR0e3DxtP,anonymous,EN,Iron - Gold,Male,No Preference / Fill,"Viego, Aphelios, Zeri, Rakan",6,Not Provided,Somewhat agree,Somewhat disagree,Strongly Disagree,Somewhat disagree,Neither agree nor disagree,Somewhat agree,Somewhat agree,Strongly agree,Somewhat agree,Somewhat agree,Strongly agree,"Delete Chat [keeping Time Stamps], Improve Ping System, Add a new role ""True Random"" where they actually queue you for a random role (no. Fill isnt random)o",2,4,5,1,6,3,7,"Adjust archetypes: Assassins less forgiving, Tankd less DMG, Bruiser better balance tankiness/damage"
2024-01-03 12:58:54,2024-01-03 13:01:45,100,170,TRUE,2024-01-03 13:01:46,R_8eldV6LRsurgbqK,anonymous,EN,Platinum - Diamond,Male,Mid,Vladimir,10,https://www.op.gg/summoners/euw/%CE%9Aazm-EUW,Neither agree nor disagree,Somewhat agree,Somewhat disagree,Strongly Disagree,Neither agree nor disagree,Neither agree nor disagree,Neither agree nor disagree,Somewhat disagree,Strongly agree,Somewhat agree,Neither agree nor disagree,,7,4,5,3,2,1,6,No Response
